Group,Name of preset,Include as default [yes/no],Comments,Key
ColorMunki / i1Studio / ColorChecker Studio,ColorMunki · A4-300p-1page TC3.00 by Pharmacist,no,,__chromiq_tc300_builtin__
ColorMunki / i1Studio / ColorChecker Studio,ColorMunki · A4-702p-2pages ABW-optimized by Pharmacist,yes,,__chromiq_abw702_builtin__
ColorMunki / i1Studio / ColorChecker Studio,ColorMunki · A3-924p-1page TC9.24 by Pharmacist,yes,,__chromiq_tc924_cm_a3_builtin__
ColorMunki / i1Studio / ColorChecker Studio,ColorMunki · A3+-1160p-1page TC9.18 extended greys by Pharmacist,yes,,__chromiq_tc918eg_cm_a3_builtin__
ColorMunki / i1Studio / ColorChecker Studio,ColorMunki · A4-84p-1page-Portrait-w26.0mm-Fast Reading Speed-Hand Held · Full layout setup,no,,__chromiq_knut_cm_a4_84p_1page_portrait_w26_0mm_fast_reading_speed_hand_held__
ColorMunki / i1Studio / ColorChecker Studio,ColorMunki · A4-144p-1page-Portrait-w14.0mm-Fast Reading Speed · Full layout setup,yes,,__chromiq_knut_cm_a4_144p_1page_portrait_w14_0mm_fast_reading_speed__
ColorMunki / i1Studio / ColorChecker Studio,ColorMunki · A4-204p-1page-Portrait-w10.0mm-Fast Reading Speed · Full layout setup,no,,__chromiq_knut_cm_a4_204p_1page_portrait_w10_0mm_fast_reading_speed__
ColorMunki / i1Studio / ColorChecker Studio,ColorMunki · A4-306p-1page-Portrait-w10.0mm-Slow Reading Speed · Full layout setup,yes,,__chromiq_knut_cm_a4_306p_1page_portrait_w10_0mm_slow_reading_speed__
ColorMunki / i1Studio / ColorChecker Studio,ColorMunki · A4-374p-1page-Portrait-w10.0mm-Very Slow Reading Speed · Full layout setup,no,,__chromiq_knut_cm_a4_374p_1page_portrait_w10_0mm_very_slow_reading_speed__
ColorMunki / i1Studio / ColorChecker Studio,ColorMunki · A4-408p-2pages-Portrait-w10.0mm-Fast Reading Speed · Full layout setup,yes,,__chromiq_knut_cm_a4_408p_2pages_portrait_w10_0mm_fast_reading_speed__
ColorMunki / i1Studio / ColorChecker Studio,ColorMunki · A4-612p-2pages-Portrait-w10.0mm-Slow Reading Speed · Full layout setup,no,,__chromiq_knut_cm_a4_612p_2pages_portrait_w10_0mm_slow_reading_speed__
ColorMunki / i1Studio / ColorChecker Studio,ColorMunki · A4-612p-3pages-Portrait-w10.0mm-Fast Reading Speed · Full layout setup,no,,__chromiq_knut_cm_a4_612p_3pages_portrait_w10_0mm_fast_reading_speed__
ColorMunki / i1Studio / ColorChecker Studio,ColorMunki · A4-1224p-4pages-Portrait-w10.0mm-Slow Reading Speed · Full layout setup,no,,__chromiq_knut_cm_a4_1224p_4pages_portrait_w10_0mm_slow_reading_speed__
ColorMunki / i1Studio / ColorChecker Studio,ColorMunki · A4-1224p-6pages-Portrait-w10.0mm-Fast Reading Speed · Full layout setup,no,,__chromiq_knut_cm_a4_1224p_6pages_portrait_w10_0mm_fast_reading_speed__
ColorMunki / i1Studio / ColorChecker Studio,ColorMunki · A4-1615p-5pages-Portrait-w10.0mm-Slow Reading Speed · Full layout setup,no,,__chromiq_knut_cm_a4_1615p_5pages_portrait_w10_0mm_slow_reading_speed__
ColorMunki / i1Studio / ColorChecker Studio,ColorMunki · A4-1623p-8pages-Portrait-w10.0mm-Fast Reading Speed · Full layout setup,no,,__chromiq_knut_cm_a4_1623p_8pages_portrait_w10_0mm_fast_reading_speed__
ColorMunki / i1Studio / ColorChecker Studio,ColorMunki · A4-2040p-10pages-Portrait-w10.0mm-Fast Reading Speed · Full layout setup,no,,__chromiq_knut_cm_a4_2040p_10pages_portrait_w10_0mm_fast_reading_speed__
ColorMunki / i1Studio / ColorChecker Studio,ColorMunki · A4-2142p-7pages-Portrait-w10.0mm-Slow Reading Speed · Full layout setup,no,,__chromiq_knut_cm_a4_2142p_7pages_portrait_w10_0mm_slow_reading_speed__
ColorMunki / i1Studio / ColorChecker Studio,ColorMunki · Letter-84p-1page-Portrait-w26.0mm-Fast Reading Speed-Hand Held · Full layout setup,no,,__chromiq_knut_cm_letter_84p_1page_portrait_w26_0mm_fast_reading_speed_hand_held__
ColorMunki / i1Studio / ColorChecker Studio,ColorMunki · Letter-144p-1page-Portrait-w15.0mm-Fast Reading Speed · Full layout setup,yes,,__chromiq_knut_cm_letter_144p_1page_portrait_w15_0mm_fast_reading_speed__
ColorMunki / i1Studio / ColorChecker Studio,ColorMunki · Letter-204p-1page-Portrait-w10.0mm-Fast Reading Speed · Full layout setup,no,,__chromiq_knut_cm_letter_204p_1page_portrait_w10_0mm_fast_reading_speed__
ColorMunki / i1Studio / ColorChecker Studio,ColorMunki · Letter-306p-1page-Portrait-w10.0mm-Slow Reading Speed · Full layout setup,yes,,__chromiq_knut_cm_letter_306p_1page_portrait_w10_0mm_slow_reading_speed__
ColorMunki / i1Studio / ColorChecker Studio,ColorMunki · Letter-374p-1page-Portrait-w10.0mm-Very Slow Reading Speed · Full layout setup,no,,__chromiq_knut_cm_letter_374p_1page_portrait_w10_0mm_very_slow_reading_speed__
ColorMunki / i1Studio / ColorChecker Studio,ColorMunki · Letter-408p-2pages-Portrait-w10.0mm-Fast Reading Speed · Full layout setup,yes,,__chromiq_knut_cm_letter_408p_2pages_portrait_w10_0mm_fast_reading_speed__
ColorMunki / i1Studio / ColorChecker Studio,ColorMunki · Letter-612p-2pages-Portrait-w10.0mm-Slow Reading Speed · Full layout setup,no,,__chromiq_knut_cm_letter_612p_2pages_portrait_w10_0mm_slow_reading_speed__
ColorMunki / i1Studio / ColorChecker Studio,ColorMunki · Letter-612p-3pages-Portrait-w10.0mm-Fast Reading Speed · Full layout setup,yes,,__chromiq_knut_cm_letter_612p_3pages_portrait_w10_0mm_fast_reading_speed__
ColorMunki / i1Studio / ColorChecker Studio,ColorMunki · Letter-1224p-4pages-Portrait-w10.0mm-Slow Reading Speed · Full layout setup,no,,__chromiq_knut_cm_letter_1224p_4pages_portrait_w10_0mm_slow_reading_speed__
ColorMunki / i1Studio / ColorChecker Studio,ColorMunki · Letter-1224p-6pages-Portrait-w10.0mm-Fast Reading Speed · Full layout setup,no,,__chromiq_knut_cm_letter_1224p_6pages_portrait_w10_0mm_fast_reading_speed__
ColorMunki / i1Studio / ColorChecker Studio,ColorMunki · Letter-1615p-5pages-Portrait-w10.0mm-Slow Reading Speed · Full layout setup,no,,__chromiq_knut_cm_letter_1615p_5pages_portrait_w10_0mm_slow_reading_speed__
ColorMunki / i1Studio / ColorChecker Studio,ColorMunki · Letter-1623p-8pages-Portrait-w10.0mm-Fast Reading Speed · Full layout setup,no,,__chromiq_knut_cm_letter_1623p_8pages_portrait_w10_0mm_fast_reading_speed__
ColorMunki / i1Studio / ColorChecker Studio,ColorMunki · Letter-2040p-10pages-Portrait-w10.0mm-Fast Reading Speed · Full layout setup,no,,__chromiq_knut_cm_letter_2040p_10pages_portrait_w10_0mm_fast_reading_speed__
ColorMunki / i1Studio / ColorChecker Studio,ColorMunki · Letter-2142p-7pages-Portrait-w10.0mm-Slow Reading Speed · Full layout setup,no,,__chromiq_knut_cm_letter_2142p_7pages_portrait_w10_0mm_slow_reading_speed__
ColorMunki / i1Studio / ColorChecker Studio,ColorMunki · A3-180p-1page-Landscape-w26.0mm-Fast Reading Speed-Hand Held · Full layout setup,no,,__chromiq_knut_cm_a3_180p_1page_landscape_w26_0mm_fast_reading_speed_hand_held__
ColorMunki / i1Studio / ColorChecker Studio,ColorMunki · A3-450p-1page-Portrait-w10.0mm-Fast Reading Speed · Full layout setup,no,,__chromiq_knut_cm_a3_450p_1page_portrait_w10_0mm_fast_reading_speed__
ColorMunki / i1Studio / ColorChecker Studio,ColorMunki · A3-456p-1page-Landscape-w10.0mm-Fast Reading Speed · Full layout setup,yes,,__chromiq_knut_cm_a3_456p_1page_landscape_w10_0mm_fast_reading_speed__
ColorMunki / i1Studio / ColorChecker Studio,ColorMunki · A3-800p-1page-Portrait-w10.0mm-Slow Reading Speed · Full layout setup,no,,__chromiq_knut_cm_a3_800p_1page_portrait_w10_0mm_slow_reading_speed__
ColorMunki / i1Studio / ColorChecker Studio,ColorMunki · A3-900p-2pages-Portrait-w10.0mm-Fast Reading Speed · Full layout setup,no,,__chromiq_knut_cm_a3_900p_2pages_portrait_w10_0mm_fast_reading_speed__
ColorMunki / i1Studio / ColorChecker Studio,ColorMunki · A3-912p-2pages-Landscape-w10.0mm-Fast Reading Speed · Full layout setup,no,,__chromiq_knut_cm_a3_912p_2pages_landscape_w10_0mm_fast_reading_speed__
ColorMunki / i1Studio / ColorChecker Studio,ColorMunki · A3-1224p-2pages-Landscape-w10.0mm-Slow Reading Speed · Full layout setup,no,,__chromiq_knut_cm_a3_1224p_2pages_landscape_w10_0mm_slow_reading_speed__
ColorMunki / i1Studio / ColorChecker Studio,ColorMunki · A3-1350p-3pages-Portrait-w10.0mm-Fast Reading Speed · Full layout setup,yes,,__chromiq_knut_cm_a3_1350p_3pages_portrait_w10_0mm_fast_reading_speed__
ColorMunki / i1Studio / ColorChecker Studio,ColorMunki · A3-1368p-2pages-Landscape-w10.0mm-Slow Reading Speed · Full layout setup,no,,__chromiq_knut_cm_a3_1368p_2pages_landscape_w10_0mm_slow_reading_speed__
ColorMunki / i1Studio / ColorChecker Studio,ColorMunki · A3-1368p-3pages-Landscape-w10.0mm-Fast Reading Speed · Full layout setup,no,,__chromiq_knut_cm_a3_1368p_3pages_landscape_w10_0mm_fast_reading_speed__
ColorMunki / i1Studio / ColorChecker Studio,ColorMunki · A3-1600p-2pages-Portrait-w10.0mm-Slow Reading Speed · Full layout setup,yes,,__chromiq_knut_cm_a3_1600p_2pages_portrait_w10_0mm_slow_reading_speed__
ColorMunki / i1Studio / ColorChecker Studio,ColorMunki · A3-2052p-3pages-Landscape-w10.0mm-Slow Reading Speed-Nature · Full layout setup,no,,__chromiq_knut_cm_a3_2052p_3pages_landscape_w10_0mm_slow_reading_speed_nature__
ColorMunki / i1Studio / ColorChecker Studio,ColorMunki · A3-2280p-5pages-Landscape-w10.0mm-Fast Reading Speed-Nature · Full layout setup,no,,__chromiq_knut_cm_a3_2280p_5pages_landscape_w10_0mm_fast_reading_speed_nature__
ColorMunki / i1Studio / ColorChecker Studio,ColorMunki · A3Plus-588p-1page-Portrait-w10.0mm-Fast Reading Speed · Full layout setup,no,,__chromiq_knut_cm_a3plus_588p_1page_portrait_w10_0mm_fast_reading_speed__
ColorMunki / i1Studio / ColorChecker Studio,ColorMunki · A3Plus-616p-1page-Landscape-w10.0mm-Fast Reading Speed · Full layout setup,yes,,__chromiq_knut_cm_a3plus_616p_1page_landscape_w10_0mm_fast_reading_speed__
ColorMunki / i1Studio / ColorChecker Studio,ColorMunki · A3Plus-1176p-2pages-Portrait-w10.0mm-Fast Reading Speed · Full layout setup,yes,,__chromiq_knut_cm_a3plus_1176p_2pages_portrait_w10_0mm_fast_reading_speed__
ColorMunki / i1Studio / ColorChecker Studio,ColorMunki · A3Plus-1232p-2pages-Landscape-w10.0mm-Fast Reading Speed · Full layout setup,no,,__chromiq_knut_cm_a3plus_1232p_2pages_landscape_w10_0mm_fast_reading_speed__
i1Pro / i1Pro 2 / i1Pro 3,i1Pro · 10x15cm-600p-4pages by Pharmacist,yes,,__chromiq_photocard600_builtin__
i1Pro / i1Pro 2 / i1Pro 3,i1Pro · 13x18cm-648p-3pages by Pharmacist,yes,,__chromiq_photocard648_builtin__
i1Pro / i1Pro 2 / i1Pro 3,i1Pro · A4-1110p-2pages ABW-optimized by Pharmacist,yes,,__chromiq_abw1110_builtin__
i1Pro / i1Pro 2 / i1Pro 3,i1Pro · A4-1160p-2pages TC9.18 extended greys by Pharmacist,no,,__chromiq_tc918eg_a4_builtin__
i1Pro / i1Pro 2 / i1Pro 3,i1Pro · A4-1944p-3pages extended target by Pharmacist,no,,__chromiq_ext1944_a4_builtin__
i1Pro / i1Pro 2 / i1Pro 3,i1Pro · Letter-1160p-2pages TC9.18 extended greys by Pharmacist,no,,__chromiq_tc918eg_letter_builtin__
i1Pro / i1Pro 2 / i1Pro 3,i1Pro · Letter-1944p-3pages extended target by Pharmacist,yes,,__chromiq_ext1944_letter_builtin__
i1Pro / i1Pro 2 / i1Pro 3,i1Pro · 100x150mm-150p-1page-Portrait-w7.5mm · Full layout setup,no,,__chromiq_knut_i1_photo_100x150mm_150p_1page_portrait_w7_5mm__
i1Pro / i1Pro 2 / i1Pro 3,i1Pro · 100x150mm-180p-1page-Portrait-w7.5mm-Maximised-No Clip-border · Full layout setup,yes,,__chromiq_knut_i1_photo_100x150mm_180p_1page_portrait_w7_5mm_maximised_no_clip_border__
i1Pro / i1Pro 2 / i1Pro 3,i1Pro · 100x150mm-600p-4pages-Portrait-w7.5mm · Full layout setup,yes,,__chromiq_knut_i1_photo_100x150mm_600p_4pages_portrait_w7_5mm__
i1Pro / i1Pro 2 / i1Pro 3,i1Pro · 100x150mm-720p-4pages-Portrait-w7.5mm-Maximised-No Clip-border · Full layout setup,yes,,__chromiq_knut_i1_photo_100x150mm_720p_4pages_portrait_w7_5mm_maximised_no_clip_border__
i1Pro / i1Pro 2 / i1Pro 3,i1Pro · 100x150mm-900p-6pages-Portrait-w7.5mm · Full layout setup,no,,__chromiq_knut_i1_photo_100x150mm_900p_6pages_portrait_w7_5mm__
i1Pro / i1Pro 2 / i1Pro 3,i1Pro · 100x150mm-1080p-6pages-Portrait-w7.5mm-Maximised-No Clip-border · Full layout setup,no,,__chromiq_knut_i1_photo_100x150mm_1080p_6pages_portrait_w7_5mm_maximised_no_clip_border__
i1Pro / i1Pro 2 / i1Pro 3,i1Pro · 100x150mm-1200p-8pages-Portrait-w7.5mm · Full layout setup,no,,__chromiq_knut_i1_photo_100x150mm_1200p_8pages_portrait_w7_5mm__
i1Pro / i1Pro 2 / i1Pro 3,i1Pro · 100x150mm-1260p-7pages-Portrait-w7.5mm-Maximised-No Clip-border · Full layout setup,no,,__chromiq_knut_i1_photo_100x150mm_1260p_7pages_portrait_w7_5mm_maximised_no_clip_border__
i1Pro / i1Pro 2 / i1Pro 3,i1Pro · 100x150mm-1440p-8pages-Portrait-w7.5mm-Maximised-No Clip-border · Full layout setup,no,,__chromiq_knut_i1_photo_100x150mm_1440p_8pages_portrait_w7_5mm_maximised_no_clip_border__
i1Pro / i1Pro 2 / i1Pro 3,i1Pro · 100x150mm-1500p-10pages-Portrait-w7.5mm · Full layout setup,no,,__chromiq_knut_i1_photo_100x150mm_1500p_10pages_portrait_w7_5mm__
i1Pro / i1Pro 2 / i1Pro 3,i1Pro · 130x180mm-288p-1page-Portrait-w7.5mm-Maximised-No Clip-border · Full layout setup,yes,,__chromiq_knut_i1_photo_130x180mm_288p_1page_portrait_w7_5mm_maximised_no_clip_border__
i1Pro / i1Pro 2 / i1Pro 3,i1Pro · 130x180mm-864p-3pages-Portrait-w7.5mm-Maximised-No Clip-border · Full layout setup,yes,,__chromiq_knut_i1_photo_130x180mm_864p_3pages_portrait_w7_5mm_maximised_no_clip_border__
i1Pro / i1Pro 2 / i1Pro 3,i1Pro · 130x180mm-1152p-4pages-Portrait-w7.5mm-Maximised-No Clip-border · Full layout setup,no,,__chromiq_knut_i1_photo_130x180mm_1152p_4pages_portrait_w7_5mm_maximised_no_clip_border__
i1Pro / i1Pro 2 / i1Pro 3,i1Pro · 130x180mm-1440p-5pages-Portrait-w7.5mm-Maximised-No Clip-border · Full layout setup,no,,__chromiq_knut_i1_photo_130x180mm_1440p_5pages_portrait_w7_5mm_maximised_no_clip_border__
i1Pro / i1Pro 2 / i1Pro 3,i1Pro · 130x180mm-216p-1page-Portrait-w8.0mm · Full layout setup,no,,__chromiq_knut_i1_photo_130x180mm_216p_1page_portrait_w8_0mm__
i1Pro / i1Pro 2 / i1Pro 3,i1Pro · 130x180mm-648p-3pages-Portrait-w8.0mm · Full layout setup,yes,,__chromiq_knut_i1_photo_130x180mm_648p_3pages_w8_0mm__
i1Pro / i1Pro 2 / i1Pro 3,i1Pro · 130x180mm-1080p-5pages-Portrait-w8.0mm · Full layout setup,no,,__chromiq_knut_i1_photo_130x180mm_1080p_5pages_portrait_w8_0mm__
i1Pro / i1Pro 2 / i1Pro 3,i1Pro · 130x180mm-1296p-6pages-Portrait-w8.0mm · Full layout setup,no,,__chromiq_knut_i1_photo_130x180mm_1296p_6pages_portrait_w8_0mm__
i1Pro / i1Pro 2 / i1Pro 3,i1Pro · 130x180mm-1512p-7pages-Portrait-w8.0mm · Full layout setup,no,,__chromiq_knut_i1_photo_130x180mm_1512p_7pages_portrait_w8_0mm__
i1Pro / i1Pro 2 / i1Pro 3,i1Pro · A4-162p-1page-Portrait-w7.5mm · Full layout setup,no,,__chromiq_knut_i1_w75_a4_162p_1page_portrait_w7_5mm__
i1Pro / i1Pro 2 / i1Pro 3,i1Pro · A4-324p-1page-Portrait-w7.5mm · Full layout setup,yes,,__chromiq_knut_i1_w75_a4_324p_1page_portrait_w7_5mm__
i1Pro / i1Pro 2 / i1Pro 3,i1Pro · A4-484p-1page-Portrait-w7.5mm · Full layout setup,no,,__chromiq_knut_fls_i1pro_a4_484p_1page_portrait__
i1Pro / i1Pro 2 / i1Pro 3,i1Pro · A4-648p-1page-Portrait-w7.5mm · Full layout setup,no,,__chromiq_knut_i1_w75_a4_648p_1page_portrait_w7_5mm__
i1Pro / i1Pro 2 / i1Pro 3,i1Pro · A4-837p-1page-Portrait-w7.5mm-Maximised-No Clip-border · Full layout setup,no,,__chromiq_knut_i1_w75max_a4_837p_1page_portrait_w7_5mm_maximised_no_clip_border__
i1Pro / i1Pro 2 / i1Pro 3,i1Pro · A4-1296p-2pages-Portrait-w7.5mm · Full layout setup,no,,__chromiq_knut_i1_w75_a4_1296p_2pages_portrait_w7_5mm__
i1Pro / i1Pro 2 / i1Pro 3,i1Pro · A4-1674p-2pages-Portrait-w7.5mm-Maximised-No Clip-border · Full layout setup,no,,__chromiq_knut_i1_w75max_a4_1674p_2pages_portrait_w7_5mm_maximised_no_clip_border__
i1Pro / i1Pro 2 / i1Pro 3,i1Pro · A4-1944p-3pages-Portrait-w7.5mm · Full layout setup,no,,__chromiq_knut_i1_w75_a4_1944p_3pages_portrait_w7_5mm__
i1Pro / i1Pro 2 / i1Pro 3,i1Pro · A4-2511p-3pages-Portrait-w7.5mm-Maximised-No Clip-border · Full layout setup,yes,,__chromiq_knut_i1_w75max_a4_2511p_3pages_portrait_w7_5mm_maximised_no_clip_border__
i1Pro / i1Pro 2 / i1Pro 3,i1Pro · A4-2592p-4pages-Portrait-w7.5mm · Full layout setup,no,,__chromiq_knut_i1_w75_a4_2592p_4pages_portrait_w7_5mm__
i1Pro / i1Pro 2 / i1Pro 3,i1Pro · A4-3240p-5pages-Portrait-w7.5mm · Full layout setup,no,,__chromiq_knut_i1_w75_a4_3240p_5pages_portrait_w7_5mm__
i1Pro / i1Pro 2 / i1Pro 3,i1Pro · A4-3348p-4pages-Portrait-w7.5mm-Maximised-No Clip-border · Full layout setup,no,,__chromiq_knut_i1_w75max_a4_3348p_4pages_portrait_w7_5mm_maximised_no_clip_border__
i1Pro / i1Pro 2 / i1Pro 3,i1Pro · A4-3888p-6pages-Portrait-w7.5mm · Full layout setup,no,,__chromiq_knut_i1_w75_a4_3888p_6pages_portrait_w7_5mm__
i1Pro / i1Pro 2 / i1Pro 3,i1Pro · A4-156p-1page-Portrait-w8.0mm · Full layout setup,no,,__chromiq_knut_i1_w8_a4_156p_1page_portrait_w8_0mm__
i1Pro / i1Pro 2 / i1Pro 3,i1Pro · A4-312p-1page-Portrait-w8.0mm · Full layout setup,no,,__chromiq_knut_i1_w8_a4_312p_1page_portrait_w8_0mm__
i1Pro / i1Pro 2 / i1Pro 3,i1Pro · A4-572p-1page-Portrait-w8.0mm · Full layout setup,no,,__chromiq_knut_i1_w8_a4_572p_1page_portrait_w8_0mm__
i1Pro / i1Pro 2 / i1Pro 3,i1Pro · A4-1144p-2pages-Portrait-w8.0mm · Full layout setup,no,,__chromiq_knut_i1_w8_a4_1144p_2pages_portrait_w8_0mm__
i1Pro / i1Pro 2 / i1Pro 3,i1Pro · A4-1716p-3pages-Portrait-w8.0mm · Full layout setup,yes,,__chromiq_knut_i1_w8_a4_1716p_3pages_portrait_w8_0mm__
i1Pro / i1Pro 2 / i1Pro 3,i1Pro · A4-2288p-4pages-Portrait-w8.0mm · Full layout setup,no,,__chromiq_knut_i1_w8_a4_2288p_4pages_portrait_w8_0mm__
i1Pro / i1Pro 2 / i1Pro 3,i1Pro · A4-2860p-5pages-Portrait-w8.0mm · Full layout setup,no,,__chromiq_knut_i1_w8_a4_2860p_5pages_portrait_w8_0mm__
i1Pro / i1Pro 2 / i1Pro 3,i1Pro · A4-3432p-6pages-Portrait-w8.0mm · Full layout setup,no,,__chromiq_knut_i1_w8_a4_3432p_6pages_portrait_w8_0mm__
i1Pro / i1Pro 2 / i1Pro 3,i1Pro · A4-1200p-3pages-Portrait-w8.5mm · Full layout setup,no,,__chromiq_knut_fls_i1pro_a4_1200p_3pages_portrait__
i1Pro / i1Pro 2 / i1Pro 3,i1Pro · Letter-162p-1page-Portrait-w7.5mm · Full layout setup,no,,__chromiq_knut_i1_w75_letter_162p_1page_portrait_w7_5mm__
i1Pro / i1Pro 2 / i1Pro 3,i1Pro · Letter-324p-1page-Portrait-w7.5mm · Full layout setup,no,,__chromiq_knut_i1_w75_letter_324p_1page_portrait_w7_5mm__
i1Pro / i1Pro 2 / i1Pro 3,i1Pro · Letter-648p-1page-Portrait-w7.5mm · Full layout setup,no,,__chromiq_knut_i1_w75_letter_648p_1page_portrait_w7_5mm__
i1Pro / i1Pro 2 / i1Pro 3,i1Pro · Letter-783p-1page-Portrait-w7.5mm-Maximised-No Clip-border · Full layout setup,yes,,__chromiq_knut_i1_w75max_letter_783p_1page_portrait_w7_5mm_maximised_no_clip_border__
i1Pro / i1Pro 2 / i1Pro 3,i1Pro · Letter-1296p-2pages-Portrait-w7.5mm · Full layout setup,no,,__chromiq_knut_i1_w75_letter_1296p_2pages_portrait_w7_5mm__
i1Pro / i1Pro 2 / i1Pro 3,i1Pro · Letter-1566p-2pages-Portrait-w7.5mm-Maximised-No Clip-border · Full layout setup,no,,__chromiq_knut_i1_w75max_letter_1566p_2pages_portrait_w7_5mm_maximised_no_clip_border__
i1Pro / i1Pro 2 / i1Pro 3,i1Pro · Letter-1944p-3pages-Portrait-w7.5mm · Full layout setup,no,,__chromiq_knut_i1_w75_letter_1944p_3pages_portrait_w7_5mm__
i1Pro / i1Pro 2 / i1Pro 3,i1Pro · Letter-2349p-3pages-Portrait-w7.5mm-Maximised-No Clip-border · Full layout setup,yes,,__chromiq_knut_i1_w75max_letter_2349p_3pages_portrait_w7_5mm_maximised_no_clip_border__
i1Pro / i1Pro 2 / i1Pro 3,i1Pro · Letter-2592p-4pages-Portrait-w7.5mm · Full layout setup,no,,__chromiq_knut_i1_w75_letter_2592p_4pages_portrait_w7_5mm__
i1Pro / i1Pro 2 / i1Pro 3,i1Pro · Letter-3132p-4pages-Portrait-w7.5mm-Maximised-No Clip-border · Full layout setup,no,,__chromiq_knut_i1_w75max_letter_3132p_4pages_portrait_w7_5mm_maximised_no_clip_border__
i1Pro / i1Pro 2 / i1Pro 3,i1Pro · Letter-3240p-5pages-Portrait-w7.5mm · Full layout setup,no,,__chromiq_knut_i1_w75_letter_3240p_5pages_portrait_w7_5mm__
i1Pro / i1Pro 2 / i1Pro 3,i1Pro · Letter-3888p-6pages-Portrait-w7.5mm · Full layout setup,no,,__chromiq_knut_i1_w75_letter_3888p_6pages_portrait_w7_5mm__
i1Pro / i1Pro 2 / i1Pro 3,i1Pro · Letter-156p-1page-Portrait-w8.0mm · Full layout setup,no,,__chromiq_knut_i1_w8_letter_156p_1page_portrait_w8_0mm__
i1Pro / i1Pro 2 / i1Pro 3,i1Pro · Letter-312p-1page-Portrait-w8.0mm · Full layout setup,yes,,__chromiq_knut_i1_w8_letter_312p_1page_portrait_w8_0mm__
i1Pro / i1Pro 2 / i1Pro 3,i1Pro · Letter-572p-1page-Portrait-w8.0mm · Full layout setup,no,,__chromiq_knut_i1_w8_letter_572p_1page_portrait_w8_0mm__
i1Pro / i1Pro 2 / i1Pro 3,i1Pro · Letter-1144p-2pages-Portrait-w8.0mm · Full layout setup,no,,__chromiq_knut_i1_w8_letter_1144p_2pages_portrait_w8_0mm__
i1Pro / i1Pro 2 / i1Pro 3,i1Pro · Letter-1716p-3pages-Portrait-w8.0mm · Full layout setup,no,,__chromiq_knut_i1_w8_letter_1716p_3pages_portrait_w8_0mm__
i1Pro / i1Pro 2 / i1Pro 3,i1Pro · Letter-2288p-4pages-Portrait-w8.0mm · Full layout setup,no,,__chromiq_knut_i1_w8_letter_2288p_4pages_portrait_w8_0mm__
i1Pro / i1Pro 2 / i1Pro 3,i1Pro · Letter-2860p-5pages-Portrait-w8.0mm · Full layout setup,no,,__chromiq_knut_i1_w8_letter_2860p_5pages_portrait_w8_0mm__
i1Pro / i1Pro 2 / i1Pro 3,i1Pro · Letter-3432p-6pages-Portrait-w8.0mm · Full layout setup,no,,__chromiq_knut_i1_w8_letter_3432p_6pages_portrait_w8_0mm__
i1Pro / i1Pro 2 / i1Pro 3,i1Pro · A3-1404p-1page-Landscape-w7.5mm · Full layout setup,yes,,__chromiq_knut_i1_w75_a3_1404p_1page_landscape_w7_5mm__
i1Pro / i1Pro 2 / i1Pro 3,i1Pro · A3-2808p-2pages-Landscape-w7.5mm · Full layout setup,yes,,__chromiq_knut_i1_w75_a3_2808p_2pages_landscape_w7_5mm__
i1Pro / i1Pro 2 / i1Pro 3,i1Pro · A3-4212p-3pages-Landscape-w7.5mm · Full layout setup,no,,__chromiq_knut_i1_w75_a3_4212p_3pages_landscape_w7_5mm__
i1Pro / i1Pro 2 / i1Pro 3,i1Pro · A3-1144p-1page-Landscape-w9.0mm · Full layout setup,no,,__chromiq_knut_i1_w8_a3_1144p_1page_landscape_w9_0mm__
i1Pro / i1Pro 2 / i1Pro 3,i1Pro · A3-2288p-2pages-Landscape-w9.0mm · Full layout setup,yes,,__chromiq_knut_i1_w8_a3_2288p_2pages_landscape_w9_0mm__
i1Pro / i1Pro 2 / i1Pro 3,i1Pro · A3-3432p-3pages-Landscape-w9.0mm · Full layout setup,yes,,__chromiq_knut_i1_w8_a3_3432p_3pages_landscape_w9_0mm__
i1Pro 3 Plus,i1Pro 3 Plus · A4-84p-1page-Portrait-w25.0mm · Full layout setup,no,,__chromiq_knut_p3_a4_84p_1page_portrait_w25_0mm__
i1Pro 3 Plus,i1Pro 3 Plus · A4-154p-1page-Portrait-w16.0mm · Full layout setup,yes,,__chromiq_knut_p3_a4_154p_1page_portrait_w16_0mm__
i1Pro 3 Plus,i1Pro 3 Plus · A4-308p-2pages-Portrait-w16.0mm · Full layout setup,yes,,__chromiq_knut_p3_a4_308p_2pages_portrait_w16_0mm__
i1Pro 3 Plus,i1Pro 3 Plus · A4-462p-3pages-Portrait-w16.0mm · Full layout setup,yes,,__chromiq_knut_p3_a4_462p_3pages_portrait_w16_0mm__
i1Pro 3 Plus,i1Pro 3 Plus · A4-616p-4pages-Portrait-w16.0mm · Full layout setup,yes,,__chromiq_knut_p3_a4_616p_4pages_portrait_w16_0mm__
i1Pro 3 Plus,i1Pro 3 Plus · A4-924p-6pages-Portrait-w16.0mm · Full layout setup,no,,__chromiq_knut_p3_a4_924p_6pages_portrait_w16_0mm__
i1Pro 3 Plus,i1Pro 3 Plus · A4-1232p-8pages-Portrait-w16.0mm · Full layout setup,no,,__chromiq_knut_p3_a4_1232p_8pages_portrait_w16_0mm__
i1Pro 3 Plus,i1Pro 3 Plus · A4-1540p-10pages-Portrait-w16.0mm · Full layout setup,no,,__chromiq_knut_p3_a4_1540p_10pages_portrait_w16_0mm__
i1Pro 3 Plus,i1Pro 3 Plus · A4-2002p-13pages-Portrait-w16.0mm · Full layout setup,no,,__chromiq_knut_p3_a4_2002p_13pages_portrait_w16_0mm__
i1Pro 3 Plus,i1Pro 3 Plus · Letter-84p-1page-Portrait-w25.0mm · Full layout setup,no,,__chromiq_knut_p3_letter_84p_1page_portrait_w25_0mm__
i1Pro 3 Plus,i1Pro 3 Plus · Letter-143p-1page-Portrait-w16.0mm · Full layout setup,yes,,__chromiq_knut_p3_letter_143p_1page_portrait_w16_0mm__
i1Pro 3 Plus,i1Pro 3 Plus · Letter-286p-2pages-Portrait-w16.0mm · Full layout setup,yes,,__chromiq_knut_p3_letter_286p_2pages_portrait_w16_0mm__
i1Pro 3 Plus,i1Pro 3 Plus · Letter-429p-3pages-Portrait-w16.0mm · Full layout setup,yes,,__chromiq_knut_p3_letter_429p_3pages_portrait_w16_0mm__
i1Pro 3 Plus,i1Pro 3 Plus · Letter-572p-4pages-Portrait-w16.0mm · Full layout setup,yes,,__chromiq_knut_p3_letter_572p_4pages_portrait_w16_0mm__
i1Pro 3 Plus,i1Pro 3 Plus · Letter-858p-6pages-Portrait-w16.0mm · Full layout setup,no,,__chromiq_knut_p3_letter_858p_6pages_portrait_w16_0mm__
i1Pro 3 Plus,i1Pro 3 Plus · Letter-1144p-8pages-Portrait-w16.0mm · Full layout setup,no,,__chromiq_knut_p3_letter_1144p_8pages_portrait_w16_0mm__
i1Pro 3 Plus,i1Pro 3 Plus · Letter-1430p-10pages-Portrait-w16.0mm · Full layout setup,no,,__chromiq_knut_p3_letter_1430p_10pages_portrait_w16_0mm__
i1Pro 3 Plus,i1Pro 3 Plus · Letter-2002p-14pages-Portrait-w16.0mm · Full layout setup,no,,__chromiq_knut_p3_letter_2002p_14pages_portrait_w16_0mm__
i1Pro 3 Plus,i1Pro 3 Plus · A3-336p-1page-Portrait-w16.0mm · Full layout setup,no,,__chromiq_knut_p3_a3_336p_1page_portrait_w16_0mm__
i1Pro 3 Plus,i1Pro 3 Plus · A3-672p-2pages-Portrait-w16.0mm · Full layout setup,yes,,__chromiq_knut_p3_a3_672p_2pages_portrait_w16_0mm__
i1Pro 3 Plus,i1Pro 3 Plus · A3-1008p-3pages-Portrait-w16.0mm · Full layout setup,yes,,__chromiq_knut_p3_a3_1008p_3pages_portrait_w16_0mm__
i1Pro 3 Plus,i1Pro 3 Plus · A3-1344p-4pages-Portrait-w16.0mm · Full layout setup,yes,,__chromiq_knut_p3_a3_1344p_4pages_portrait_w16_0mm__
i1Pro 3 Plus,i1Pro 3 Plus · A3-1680p-5pages-Portrait-w16.0mm · Full layout setup,no,,__chromiq_knut_p3_a3_1680p_5pages_portrait_w16_0mm__
i1Pro 3 Plus,i1Pro 3 Plus · A3-2016p-6pages-Portrait-w16.0mm · Full layout setup,no,,__chromiq_knut_p3_a3_2016p_6pages_portrait_w16_0mm__
CR30 (ChnSpec),CR30 · A4-77p-1page-Portrait-w24.0mm · Full layout setup,no,,__chromiq_knut_cr30_a4_77p_1page_portrait_w24_0mm__
CR30 (ChnSpec),CR30 · A4-153p-1page-Portrait-w18.0mm-Hexagonal · Full layout setup,yes,,__chromiq_knut_cr30_a4_153p_1page_portrait_w18_0mm_hexagonal__
CR30 (ChnSpec),CR30 · A4-160p-1page-Portrait-w17.0mm · Full layout setup,no,,__chromiq_knut_cr30_a4_160p_1page_portrait_w17_0mm__
CR30 (ChnSpec),CR30 · A4-192p-1page-Portrait-w11.0mm · Full layout setup,no,,__chromiq_knut_cr30_a4_192p_1page_portrait_w11_0mm__
CR30 (ChnSpec),CR30 · A4-360p-1page-Portrait-w11.0mm · Full layout setup,yes,,__chromiq_knut_cr30_a4_360p_1page_portrait_w11_0mm__
CR30 (ChnSpec),CR30 · A4-420p-1page-Portrait-w11.0mm-Hexagonal · Full layout setup,no,,__chromiq_knut_cr30_a4_420p_1page_portrait_w11_0mm_hexagonal__
CR30 (ChnSpec),CR30 · A4-450p-1page-Portrait-w11.0mm-Hexagonal-Straight · Full layout setup,no,,__chromiq_knut_cr30_a4_450p_1page_portrait_w11_0mm_hexagonal_straight__
CR30 (ChnSpec),CR30 · A4-720p-2pages-Portrait-w11.0mm · Full layout setup,yes,,__chromiq_knut_cr30_a4_720p_2pages_portrait_w11_0mm__
CR30 (ChnSpec),CR30 · A4-840p-2pages-Portrait-w11.0mm-Hexagonal · Full layout setup,no,,__chromiq_knut_cr30_a4_840p_2pages_portrait_w11_0mm_hexagonal__
CR30 (ChnSpec),CR30 · A4-900p-2pages-Portrait-w11.0mm-Hexagonal-Straight · Full layout setup,no,,__chromiq_knut_cr30_a4_900p_2pages_portrait_w11_0mm_hexagonal_straight__
CR30 (ChnSpec),CR30 · A4-1080p-3pages-Portrait-w11.0mm · Full layout setup,yes,,__chromiq_knut_cr30_a4_1080p_3pages_portrait_w11_0mm__
CR30 (ChnSpec),CR30 · A4-1260p-3pages-Portrait-w11.0mm-Hexagonal · Full layout setup,no,,__chromiq_knut_cr30_a4_1260p_3pages_portrait_w11_0mm_hexagonal__
CR30 (ChnSpec),CR30 · A4-1350p-3pages-Portrait-w11.0mm-Hexagonal-Straight · Full layout setup,no,,__chromiq_knut_cr30_a4_1350p_3pages_portrait_w11_0mm_hexagonal_straight__
CR30 (ChnSpec),CR30 · Letter-88p-1page-Portrait-w22.0mm · Full layout setup,no,,__chromiq_knut_cr30_letter_88p_1page_portrait_w22_0mm__
CR30 (ChnSpec),CR30 · Letter-150p-1page-Portrait-w17.0mm · Full layout setup,yes,,__chromiq_knut_cr30_letter_150p_1page_portrait_w17_0mm__
CR30 (ChnSpec),CR30 · Letter-170p-1page-Portrait-w16.0mm-Hexagonal · Full layout setup,no,,__chromiq_knut_cr30_letter_170p_1page_portrait_w16_0mm_hexagonal__
CR30 (ChnSpec),CR30 · Letter-184p-1page-Portrait-w11.0mm · Full layout setup,no,,__chromiq_knut_cr30_letter_184p_1page_portrait_w11_0mm__
CR30 (ChnSpec),CR30 · Letter-368p-1page-Portrait-w11.0mm · Full layout setup,yes,,__chromiq_knut_cr30_letter_368p_1page_portrait_w11_0mm__
CR30 (ChnSpec),CR30 · Letter-390p-1page-Portrait-w11.0mm-Hexagonal · Full layout setup,no,,__chromiq_knut_cr30_letter_390p_1page_portrait_w11_0mm_hexagonal__
CR30 (ChnSpec),CR30 · Letter-396p-1page-Portrait-w11.0mm-Hexagonal-Straight · Full layout setup,no,,__chromiq_knut_cr30_letter_396p_1page_portrait_w11_0mm_hexagonal_straight__
CR30 (ChnSpec),CR30 · Letter-736p-2pages-Portrait-w11.0mm · Full layout setup,yes,,__chromiq_knut_cr30_letter_736p_2pages_portrait_w11_0mm__
CR30 (ChnSpec),CR30 · Letter-780p-2pages-Portrait-w11.0mm-Hexagonal · Full layout setup,no,,__chromiq_knut_cr30_letter_780p_2pages_portrait_w11_0mm_hexagonal__
CR30 (ChnSpec),CR30 · Letter-792p-2pages-Portrait-w11.0mm-Hexagonal-Straight · Full layout setup,no,,__chromiq_knut_cr30_letter_792p_2pages_portrait_w11_0mm_hexagonal_straight__
CR30 (ChnSpec),CR30 · Letter-1104p-3pages-Portrait-w11.0mm · Full layout setup,yes,,__chromiq_knut_cr30_letter_1104p_3pages_portrait_w11_0mm__
CR30 (ChnSpec),CR30 · Letter-1170p-3pages-Portrait-w11.0mm-Hexagonal · Full layout setup,no,,__chromiq_knut_cr30_letter_1170p_3pages_portrait_w11_0mm_hexagonal__
CR30 (ChnSpec),CR30 · Letter-1188p-3pages-Portrait-w11.0mm-Hexagonal-Straight · Full layout setup,no,,__chromiq_knut_cr30_letter_1188p_3pages_portrait_w11_0mm_hexagonal_straight__
Scanner,Scanner · A4-3430p-1page-Landscape-w4.0mm · Profile printer with scanner · Full layout setup,yes,,__chromiq_knut_scanner_a4_3430p_1page_landscape__
Scanner,Scanner · A4-6860p-2pages-Landscape-w4.0mm · Profile printer with scanner · Full layout setup,yes,,__chromiq_knut_scanner_a4_6860p_2pages_landscape__
Scanner,Scanner · A4-10290p-3pages-Landscape-w4.0mm · Profile printer with scanner · Full layout setup,yes,,__chromiq_knut_scanner_a4_10290p_3pages_landscape__
Scanner,Scanner · Letter-3250p-1page-Landscape-w4.0mm · Profile printer with scanner · Full layout setup,yes,,__chromiq_knut_scanner_letter_3250p_1page_landscape__
Scanner,Scanner · Letter-6500p-2pages-Landscape-w4.0mm · Profile printer with scanner · Full layout setup,yes,,__chromiq_knut_scanner_letter_6500p_2pages_landscape__
Scanner,Scanner · Letter-9750p-3pages-Landscape-w4.0mm · Profile printer with scanner · Full layout setup,yes,,__chromiq_knut_scanner_letter_9750p_3pages_landscape__
Red River Paper,Red River Paper · i1Pro · A4-2052p-4pages · Standard Patch Set v25,yes,,__chromiq_knut_redriver_i1pro_a4_2052p_4pages__
Red River Paper,Red River Paper · ColorMunki · A4-2052p-8pages · Standard Patch Set v25,no,,__chromiq_knut_redriver_colormunki_a4_2052p_8pages__
Red River Paper,Red River Paper · ColorMunki · A4-2052p-9pages · Standard Patch Set v25,no,,__chromiq_knut_redriver_colormunki_a4_2052p_9pages__
Red River Paper,Red River Paper · i1Pro · Letter-2052p-4pages · Standard Patch Set v25,yes,,__chromiq_knut_redriver_i1pro_letter_2052p_4pages__
Red River Paper,Red River Paper · ColorMunki · Letter-2052p-8pages · Standard Patch Set v25,no,,__chromiq_knut_redriver_colormunki_letter_2052p_8pages__
Red River Paper,Red River Paper · ColorMunki · Letter-2052p-9pages · Standard Patch Set v25,no,,__chromiq_knut_redriver_colormunki_letter_2052p_9pages__
